{"cameraMode":{"drawMode":0,"name":"Shaded","section":"Shading Mode"},"sceneLighting":true,"audioPlay":false,"sceneViewState":{"showFog":true,"showMaterialUpdate":false,"showSkybox":true,"showFlares":true,"showImageEffects":true,"showParticleSystems":true},"in2DMode":false,"pivot":{"x":-0.536726713180542,"y":-0.1972467005252838,"z":0.3608880341053009},"rotation":{"x":-0.026398511603474618,"y":-0.6862183213233948,"z":0.02491692826151848,"w":-0.7264893054962158},"size":4.224155902862549,"orthographic":false}